﻿<?xml version="1.0" encoding="UTF-8" ?>
<teamtalk version="4.0">
    <general>
        <voice-activation-level>2</voice-activation-level>
        <voice-activated>true</voice-activated>
        <nickname>NoName</nickname>
        <inactivity-delay>180</inactivity-delay>
        <push-to-talk>false</push-to-talk>
    </general>
    <client>
        <auto-connect>false</auto-connect>
        <reconnect>true</reconnect>
        <tcpport>0</tcpport>
        <udpport>0</udpport>
        <auto-join-root>true</auto-join-root>
    </client>
    <events>
        <newuser>sounds\TT_New_User.wav</newuser>
        <removeduser>sounds\TT_Remove_User.wav</removeduser>
        <newmessage>sounds\TT_User_Message.wav</newmessage>
        <serverlost>sounds\TT_Server_Lost.wav</serverlost>
        <hotkeypressed>sounds\TT_Hotkey.wav</hotkeypressed>
        <channelmessage>sounds\TT_Channel_Message.wav</channelmessage>
        <filesupdates>sounds\TT_Files_Updated.wav</filesupdates>
        <transferend>sounds\TT_Transfer_Completed.wav</transferend>
        <new-video-session>sounds\TT_New_VideoSession.wav</new-video-session>
        <new-desktop-session>sounds\TT_New_DesktopSession.wav</new-desktop-session>
        <question-mode>sounds\TT_Question_Mode.wav</question-mode>
    </events>
    <soundsystem>
        <volume>127</volume>
        <gain-level>1000</gain-level>
    </soundsystem>
    <window />
    <main>
        <windowplacement>
            <left>636</left>
            <top>374</top>
            <width>408</width>
            <height>262</height>
        </windowplacement>
        <extended>true</extended>
    </main>
    <advanced />
    <shortcuts />
</teamtalk>
